ID,BlendProperty1,BlendProperty2,BlendProperty3,BlendProperty4,BlendProperty5,BlendProperty6,BlendProperty7,BlendProperty8,BlendProperty9,BlendProperty10
1,-0.094351955,0.15023547,0.60434145,0.35188013,0.3404779,0.5200622,0.6549567,0.4458745,-0.34191388,0.26634404
2,-0.49217308,-0.53847057,-1.2332565,-0.18002628,-0.7105284,-0.007395468,-1.2286147,-1.1606828,-0.32431927,0.02887488
3,1.5300311,0.9314434,0.95897764,0.95693064,2.056608,1.5166682,0.825642,1.7120603,0.44781435,1.9804723
4,-0.27647603,0.38339067,0.68695194,0.10796471,1.9479672,-0.23227943,0.65577966,1.0171635,0.68057275,-0.7969882
5,-0.17036244,-0.6364651,1.1462327,0.30147618,2.4475935,0.18592146,1.060264,0.29991055,-0.66618854,1.0161432
6,-1.4970429,-1.726314,0.35691136,-1.498155,-0.002621097,-1.2692733,0.27351877,0.035210837,-0.8363114,0.12816024
7,0.6331065,0.3393421,-0.122042455,0.100480504,-0.123000585,0.42413342,-0.15267584,0.17073388,1.2409505,0.27397847
8,1.7817851,0.94547635,0.5192615,1.2084427,-1.4800344,1.1911931,0.64207417,0.5542859,1.5740942,0.34616745
9,1.127157,1.1485738,0.937091,1.6847993,-0.5589495,1.1002533,0.9369552,0.27928963,0.9208972,0.6002801
10,-0.9028676,-0.7613295,-2.0078437,-0.5489478,-1.1664176,-0.4461902,-1.9955356,-0.047236566,-0.68561774,-1.3680726
11,0.0059244484,0.17125323,0.71702313,0.45507783,1.7056801,-0.19139229,0.70934445,-0.09676776,-0.43711796,0.8908262
12,0.9740255,0.371098,0.8140406,-0.2166986,1.0176489,0.18803549,0.7478821,0.6849399,-0.37253866,0.8711434
13,0.71416587,-0.16115385,0.9187086,0.3866661,-1.3294982,1.7070111,0.83054644,0.6951683,1.1208146,1.5756761
14,-0.43633902,0.34977975,0.578706,-0.68570507,2.2423246,-0.42392945,0.44439554,0.3299872,-1.1995347,-0.39935455
15,0.64947903,2.0123956,0.6416655,1.7060561,-0.24536963,0.58760303,0.6001237,0.9502367,0.73895586,-0.70702595
16,-0.210603,-0.5127587,0.54918677,-0.543682,0.5448727,-0.9807539,0.57627726,-0.10311846,-1.2966955,0.32208574
17,-1.2468457,-1.1098883,-0.10607277,-1.5415807,-0.70918965,0.06773261,-0.04125847,-0.73636156,-0.30772734,-1.0699579
18,-0.24790101,-0.10479736,0.42137417,-0.07493703,-0.04561096,-0.09707147,0.4304411,1.1957308,-0.2305999,-0.8117821
19,0.085522495,-0.14437148,0.9666603,-0.61865413,1.8704882,-0.95083547,0.9508201,1.2636598,-1.1142801,1.4559987
20,-0.19526485,-1.2167896,0.41450074,-0.85566026,-0.66438127,-0.7414524,0.44761634,0.32608905,-1.0822662,-1.4138006
21,-0.12304836,-2.0444129,0.3830459,-0.79784507,1.7758689,-1.5726385,0.47487244,0.4474055,-0.8301067,0.6440335
22,0.38450995,0.833851,0.07857456,1.3431636,1.340833,1.6749632,0.1713076,0.56722474,0.37888122,1.5462753
23,1.1058077,1.3806387,0.96666175,0.88052833,1.4830393,0.37898,0.9903279,0.96095616,0.26300395,1.2476734
24,0.13349064,0.6880526,0.39899245,0.47330806,-1.0069306,0.27870503,0.3116318,-0.3041773,-0.22574219,0.2281624
25,-1.2879077,-0.9526292,-0.03013608,-0.73210025,-0.561244,-0.26868305,-0.048932653,-0.93525654,-0.13571791,0.081760444
26,-0.43329597,-0.18560126,0.43842354,-0.7542778,-0.27202147,-0.0120819835,0.37827614,-0.9019242,0.110802315,-1.30457
27,0.99538344,0.5031339,-0.07838871,1.453362,-1.3461709,0.10236334,-0.14666909,0.060050465,0.6241946,-0.9541369
28,0.14213043,-0.48527867,-0.2578389,-0.78772384,-1.1380587,-0.22498812,-0.27439645,-0.9033974,0.8345468,0.73522496
29,-0.93255454,-1.1938714,-0.006510157,-0.5643168,-0.45209503,-0.7587617,-0.107540734,-0.8701147,-0.57657605,0.19262354
30,0.19584386,0.42990813,-0.6356558,-0.42948532,-1.6745205,0.39992517,-0.6724836,-0.7750692,0.13491982,-1.3740201
31,-1.1177267,-0.30653518,0.26171947,-0.45097467,1.1199437,-1.0656881,0.15572406,-0.06593309,-1.8778957,0.4189659
32,-1.2452023,-0.3646421,0.08679767,-1.0359372,0.36220124,-1.3842937,-0.054944143,-0.3671803,-0.71251285,0.22380275
33,0.8408536,0.48705238,-0.39334422,0.37748072,0.101098925,-0.57716924,-0.41581753,0.07659848,0.36713952,-0.39357728
34,1.0216494,0.7496719,0.3242424,0.14350139,-0.9102405,0.33893234,0.3403879,1.5100449,-0.12832189,-0.5435196
35,-0.73953235,-1.125445,-0.017307568,-0.9501455,0.14572555,-0.6171825,-0.101728834,-1.0175047,-1.9640974,0.21558724
36,1.3974508,0.5018891,0.49373558,0.46674463,0.75072926,0.51689446,0.49569216,1.072676,-0.47600463,0.5954785
37,0.16770856,-0.12852448,-0.57743114,-0.0044993255,-1.2802026,0.35747188,-0.5460294,-0.014038021,1.6395059,-0.37713608
38,0.42961603,0.7992475,0.48842514,1.0785942,0.2744262,0.6130389,0.3792999,-0.033099685,1.044226,-0.82851696
39,-1.6506742,-1.4737271,-0.19514303,-1.4666784,0.23052894,-0.061342794,-0.25068247,-1.4232373,-0.69345933,0.15304866
40,0.1082458,0.7442148,0.57322824,-0.38430262,-0.16114552,0.11217827,0.58311725,-0.21714805,0.41744503,-0.5889292
41,1.8332888,1.2867355,1.2929958,1.3985492,2.1621664,2.024232,1.4067403,1.032177,0.9591976,1.6781648
42,1.7208496,0.5047619,1.0400629,0.61978984,-1.1473383,0.57880354,0.9133005,0.81780165,1.2011023,2.0009727
43,-1.6134334,-0.45447308,-1.0463222,-1.108711,-0.46016806,-0.485249,-0.9773311,-1.4638835,-0.84462786,-1.1744089
44,1.0236931,0.3946532,0.3129444,0.87544465,-0.33211827,0.47877726,0.2873251,1.5563412,0.2643027,-0.09135392
45,-0.5653751,-0.6068913,0.04636387,-1.4887826,1.8691716,-1.324697,-0.016813952,-0.28285208,-1.1336968,0.5769784
46,0.6244581,1.0913521,0.504373,0.48924807,0.66593444,0.61235094,0.6343645,0.39780787,0.76184183,-0.71915436
47,-1.3576947,-1.8536875,-0.79782164,-1.1294209,-0.05171254,-1.6902448,-0.76339847,-1.1824571,-1.7997969,-0.26697582
48,0.0023787483,0.18539694,-0.57091624,0.12245635,-0.4374642,-0.57354707,-0.5630137,0.012714161,0.72592497,-0.5891297
49,-0.38206056,-0.76791483,0.40484744,-0.14732337,-0.86236787,-0.31194496,0.33096445,-0.2522444,-1.4885108,0.09859469
50,-1.5030271,-1.1975708,-1.9512368,-0.8874853,-0.57251024,-1.2543738,-2.0350325,-1.5822605,-1.6490444,-1.6382158
51,1.662536,0.6248764,1.5733804,0.5141383,1.9606893,-0.4896378,1.7527163,-0.025169715,-0.28047946,1.9171331
52,-0.04693049,1.1504583,1.3261677,-0.17340596,1.0411639,1.1249902,1.5804387,0.65403736,0.3448785,-0.81994915
53,-0.068889976,0.039381273,-0.49764863,-0.7220832,0.007973378,-0.6439202,-0.4298886,0.47824582,0.4584845,0.1413498
54,1.3782262,0.739548,0.2970338,0.61351407,0.72382694,0.11865369,0.2937511,0.7194488,-0.592156,1.861212
55,0.43076846,0.5812524,0.54822403,0.15935159,-0.112961486,0.9080525,0.5623285,0.16792233,0.7541725,-0.20333065
56,0.76124334,0.1385782,0.39689323,0.14081739,-0.1290311,0.5128492,0.4192889,1.0385706,-0.24211998,-1.0150337
57,-0.06550607,0.10659561,0.4307863,0.059282437,-0.23078789,1.1478691,0.42407995,0.07091325,0.30959594,0.6729413
58,-1.3940063,-0.98065895,0.52857345,-0.25481212,1.3395265,-0.72080976,0.536599,-0.41707888,-1.8123875,0.084269375
59,-0.14565247,0.3423122,0.44981673,0.86194015,-1.2526768,-0.32093632,0.40919915,-0.16714878,0.56747246,-1.7860903
60,-0.9232203,-1.6325673,0.228993,-1.5364174,1.6518238,-0.8668432,0.21332419,-0.89862657,-0.97556585,0.74628973
61,-0.16709301,-0.14239307,-1.8689597,-0.99666846,0.037977196,-0.525114,-1.8117976,-0.66228336,-0.20541827,-1.216718
62,-0.04711845,-0.89584804,-0.05569483,-0.43377638,-0.9303604,0.36773625,-0.20190045,-0.749723,0.99698675,-0.8008789
63,1.1544025,0.30368567,0.6940751,1.4301342,-0.21774435,1.1342974,0.6360123,1.012261,1.1604601,1.2845134
64,-0.20632496,-0.5555343,0.7024099,-0.7179163,0.9070004,-0.84598964,0.62513244,-0.05078541,-1.0114847,0.00023450491
65,-0.36520746,-0.4007376,1.0097789,-1.1284791,0.24531795,1.2434568,1.0270488,0.6799419,0.5786608,-0.74734706
66,0.4557028,-0.38309315,-0.23024978,-0.5954867,0.72422665,0.1489545,-0.22259429,-0.263246,0.5403988,0.003739934
67,0.9174226,1.680824,0.7715058,0.7015728,-0.1459516,1.4002771,0.88692206,1.3213533,0.71649086,0.66776735
68,-0.5762826,-0.7246839,-0.9026958,0.33799586,-1.0222336,-0.5838282,-0.8820597,0.2385577,-0.61959344,-0.70636606
69,1.3037801,1.2461534,0.48757166,0.8880189,-0.48042488,0.00083353417,0.48790014,1.015843,0.03419024,1.6888994
70,-0.1554915,-0.21876244,0.336066,-0.33595,-0.2622089,-0.71869504,0.38612786,-0.4987813,0.24810202,0.5959431
71,-0.31885502,-0.13987646,-0.07553155,-0.48872596,-0.79068214,-0.6614832,-0.0027540778,-0.38412452,-0.62888974,0.8202283
72,0.58954215,0.219699,0.14941257,0.71965194,0.2431091,0.89795727,0.14194882,0.44052163,0.43767342,-0.7566826
73,0.34972152,0.549792,1.6523169,-0.6296962,2.8718038,0.7712812,1.5948949,0.18004401,-0.04056986,1.2674387
74,1.2876618,0.9452081,1.1385773,0.95318836,1.4368343,0.4191861,1.0827042,0.97049123,0.37238628,2.1811194
75,1.2335845,0.52723366,-0.021974567,0.7886323,-0.5578041,0.061233286,-0.05019725,0.6417999,0.7665479,0.20538342
76,-0.7067129,-0.10781158,-0.22921796,-0.039515037,-0.27139002,0.4959542,-0.23281074,-0.4238985,0.091754824,-0.9280079
77,-0.42180458,0.20939277,0.5520994,-0.51331043,-1.1019593,-0.3053171,0.5660091,-0.5738107,-0.49494845,-0.8986251
78,0.5565918,1.1582439,0.9300654,0.49561542,1.0009856,1.8773967,0.86938226,1.9641647,0.307707,-0.3682033
79,0.93108135,1.050618,0.34435105,0.92250943,-0.61867267,0.56950474,0.33305472,0.8354176,0.8722623,-0.12484405
80,0.5590803,0.36793756,-1.4281663,0.06671069,-0.70919037,0.31505674,-1.387453,-0.26310864,1.6357484,0.54040414
81,-0.22394952,0.4674665,0.9171445,-0.014581775,-0.46895257,-0.40404245,0.87086165,1.179357,-0.04256681,1.2791646
82,1.4608003,1.063302,0.9091652,0.14367741,0.30587405,1.1887904,0.96750057,0.48656195,0.066968314,-0.43679523
83,-0.43707144,-0.31167144,0.56242186,-0.6800313,-0.7572271,-0.16113934,0.62773263,0.08903904,-0.39830524,0.326626
84,0.79338175,0.63996464,1.175103,0.8318271,-0.47074473,1.2436564,1.3120579,1.5335886,-0.37869766,0.53660905
85,-0.57151777,-0.4252995,-1.3808322,-1.1605802,0.06570359,-1.6146013,-1.3650353,-1.1335453,-1.0057685,-0.13863142
86,0.15778555,-0.6210432,0.820888,-0.27340457,1.1934367,-0.06770445,0.83670586,0.24166426,-1.6262456,0.7549139
87,-0.84092593,-0.96088815,0.81074923,-0.9082597,0.10888163,0.33948857,0.68598026,-0.55164015,-0.44924867,-1.4096798
88,-0.75583774,-0.10596338,0.30947006,-0.6342698,-1.0257896,-0.3903797,0.32392755,-0.0019200061,-0.7766266,-0.45718682
89,-0.09453805,-0.43265676,0.53282756,-0.51795304,-0.47203714,-0.62224084,0.5059674,-0.8801149,-0.7030359,-0.58213055
90,0.33160034,-0.63785565,0.7077292,-0.1535535,2.011125,-0.77819175,0.81125563,0.2410945,-1.1383083,0.80368596
91,-0.11065476,-0.66637254,-0.23629759,0.03842809,-0.6846431,-0.10779984,-0.26677102,-0.107917726,1.080477,-1.264477
92,-1.3024471,-0.30678645,0.40838227,-0.75114816,-0.44319907,-0.82863057,0.38106832,-1.220031,-1.0876653,-0.35655484
93,0.51917833,-1.0243572,1.3105247,0.56149465,0.8071396,0.13307554,1.2686545,0.71912414,0.014735165,0.7930028
94,1.7278935,0.6781602,0.7439692,0.72114676,-0.9711849,0.57302755,0.6016668,0.8787803,1.1420319,2.0585754
95,0.9087223,0.8076106,-0.16340546,0.47037417,-0.26622245,0.89122456,-0.22012505,0.47467133,1.7286793,-0.7670009
96,-1.2134106,-0.9608089,0.039143287,-1.4492929,0.6104741,-1.8228142,0.054416627,-0.051123433,-1.5739775,0.059858583
97,0.18828711,0.12853634,0.06491995,0.17426464,-0.13117096,-0.09044691,0.09038657,-0.17208463,0.13014196,-0.798629
98,-0.7337939,-0.21507597,0.34289435,-0.86178213,-0.968966,-1.1187803,0.25433695,-0.29179254,-0.14055283,0.19364588
99,-0.24359973,0.16362062,-1.5278267,0.13592765,-0.0126103,-0.86756593,-1.4590703,-0.56463665,0.08270315,-0.7304039
100,-0.40281412,-0.4151891,-0.21958931,0.4447182,0.6858066,-0.2311784,-0.19397128,-0.22752637,-0.43471864,-0.4445324
101,-1.2104843,-1.6110204,-1.8423289,-1.1041701,0.46090546,-0.7878146,-1.7331173,-1.927682,-1.358412,-0.5089071
102,-0.75512934,-0.7950803,-0.33163837,-0.76219404,-0.802557,-0.21964896,-0.277727,-0.64677405,0.029066654,0.10730287
103,-1.8219559,-1.4070113,-1.0541385,-1.1884094,-0.8976532,-1.2320393,-0.98935837,-1.3063258,-0.97665924,-1.3288871
104,-0.98919314,-1.1849625,0.818734,-0.28558242,0.8976955,-0.10181333,0.863914,-0.7343211,-0.041792996,0.18269657
105,0.5440473,0.19641452,1.0396532,0.4155367,0.088279046,-0.051464103,1.0292791,0.777968,-0.9314782,0.6302879
106,0.31169987,0.96152073,-2.0017776,0.04703564,-1.5101515,0.3602835,-1.9806795,-1.1162356,1.7401034,-0.8753222
107,-0.64562416,-0.86561245,0.110583894,0.12429335,0.2599631,-0.4146736,0.09312956,-0.17045121,0.046973225,-0.9894881
108,-0.7147818,0.034614187,-0.019640552,-0.7936011,-0.8115121,0.36612356,0.036752716,-0.39684436,-0.9755868,0.05909024
109,0.06213362,0.14379004,0.67465466,-0.26561773,0.60389054,-0.5176498,0.57829726,0.011511329,-1.2087632,0.80348164
110,0.61825,0.22236879,-0.79185575,0.75991845,-0.43881848,0.38434485,-0.7064136,-0.3287213,1.0902841,-0.57600605
111,0.056024987,-0.20932272,1.3015546,0.28262016,1.0672412,-0.461517,1.3568425,0.5581975,0.051442012,1.1227876
112,0.7133935,0.30605826,0.45120573,-0.16102469,-0.26389125,0.37023315,0.4719512,0.7303087,0.87925094,1.3025916
113,0.040126964,-0.18384865,-0.17411852,0.4040721,0.17874059,-0.4248721,-0.11272573,0.020080071,-0.021256655,-0.851986
114,-0.38004673,-0.8344128,-0.8840233,-0.83411723,-0.76947874,-0.25380322,-0.8857882,-1.5235724,-0.15851247,-0.14348796
115,1.119442,0.14482355,-1.0316031,0.5682483,-0.4301539,1.094301,-1.1613574,-0.12634747,0.72521067,-0.37453842
116,-0.5832722,-0.38382155,-0.75959605,-0.22179925,0.36925405,-1.1925715,-0.7848929,-0.4762753,0.25042778,-1.0177758
117,-0.323415,-0.37583464,-1.5021459,-0.74587154,-0.78315365,-0.10458848,-1.4872237,-1.0038546,-0.33107385,-0.68576765
118,-0.024919687,0.066488974,0.57837385,-0.40961942,2.1320097,0.6892707,0.56602645,-0.09178042,0.4124903,-0.5535383
119,-0.23287953,-0.65557593,-2.1176271,0.019227337,-1.6754872,0.26674685,-2.0516672,-0.61236346,1.171783,-1.3409923
120,0.8595729,0.31512535,0.2159349,0.75735223,0.24612746,0.54115236,0.30494994,0.60910845,-0.18259454,0.5160829
121,0.111329205,0.23270911,0.00708572,0.11270065,-0.98855984,1.1397413,-0.015709734,0.6022963,0.70202374,-0.052922368
122,-0.4156769,-0.9991719,0.4351277,-0.89865214,-0.17724912,-1.002079,0.40008098,-0.5698058,-0.29823574,0.6567992
123,0.26057667,-0.38696373,0.13876466,0.40314415,-0.13421123,0.22619511,0.036549006,0.41446987,0.50037026,-1.1628973
124,-0.5384712,-0.99770284,-1.2444252,-1.0302281,0.11095707,-1.1417114,-1.3065431,-0.9963521,-0.64304453,-1.1435893
125,-2.0312867,-1.8710129,-2.240919,-1.7298683,-0.19772121,-1.676226,-2.2045944,-1.4458388,-0.89270866,-0.47736493
126,0.85731953,1.0629085,-0.08513614,0.32282627,0.39054316,0.88925225,-0.112499796,0.21245977,0.2974605,0.4093562
127,-0.83305824,-1.4257814,0.75464773,-0.18627,2.4554195,-1.4255674,0.717276,0.26538804,-1.1244172,0.26767445
128,0.4605972,0.4007919,-0.9257902,0.57022333,-1.2696291,-0.7751026,-0.8616905,-0.2644396,1.1389866,-0.918082
129,-0.09511602,-0.6878552,-0.011924482,-0.60499215,1.9646447,0.023452595,-0.04834459,-0.5057797,-0.97566897,0.30989847
130,1.2264305,1.433523,1.3104074,2.322808,1.5820724,1.5428014,1.4026229,1.0469658,0.43184495,0.1475969
131,1.7924434,1.3011565,0.8024094,1.5500804,2.309628,1.3450838,0.78142035,2.077227,0.9885078,0.08405286
132,1.4331013,1.270536,0.7191608,2.075504,-0.858555,0.9845034,0.6310739,1.6958768,1.6145802,-0.050259914
133,0.66660357,1.1076382,-0.88920105,1.3199004,-0.5319798,0.56447494,-0.8744442,-0.428346,0.6009451,-1.2549754
134,-0.9153699,-2.0318007,0.09804341,-0.7605833,1.5142419,-0.7915136,-0.041543048,-0.42112646,-0.16663395,0.34409863
135,-0.41109496,0.059704892,-1.342317,0.33083868,-1.28679,0.5870813,-1.2487206,0.2703622,0.52867883,-0.45709768
136,0.43251953,-0.09521168,-0.15790631,0.2570736,0.9165813,0.25622067,-0.09181685,0.1742448,0.5044081,0.2821996
137,-0.3792624,-0.45840847,0.36957937,-1.1321018,0.70022345,-0.21538496,0.2885954,-0.31639633,-1.614579,0.62575716
138,1.5175818,0.10572515,0.26758206,1.3615534,0.1801868,0.33784896,0.31846803,-0.023531104,0.62732923,1.5836056
139,-0.096111774,-0.61496556,0.5058079,0.26419243,1.8774017,-0.8988876,0.40980092,-0.13675988,-1.2599069,-0.23180206
140,-0.85041755,-0.30396336,0.7435443,-0.52211756,-0.10306987,1.0468258,0.76574147,0.5224391,0.38082308,-0.2179779
141,0.49443534,0.57646257,-0.73555166,0.20153724,-0.3235257,-0.5658509,-0.8666742,-0.224305,-0.28031585,-0.8635838
142,-1.2824979,-0.50262964,-2.1408577,-0.6788387,-0.8651832,-0.40037754,-2.1191132,-0.52910185,0.04889863,-0.38875115
143,0.7728719,0.9946362,0.7265899,0.9385663,-0.9472676,0.41693205,0.7851364,0.8624414,0.8017554,0.9843097
144,-0.018734064,-0.1222106,-0.05027914,0.09950692,0.4766772,0.14651197,-0.15764044,1.0431318,-0.5444562,-0.2757998
145,0.78983986,1.0533205,0.6382366,0.64630914,0.026956959,1.0458133,0.55802464,0.27061698,1.4087896,1.9919138
146,0.14159158,1.139458,0.26872346,0.34352592,-0.61208564,1.7452284,0.28151157,0.3710148,0.532929,-0.27770638
147,0.17902012,0.53525555,0.11186984,-0.25645584,-0.33114526,0.21780758,0.053387966,-0.37586045,0.11814999,-0.15978007
148,1.1627599,1.0583336,-0.27794725,1.1130389,-0.15090153,0.9427252,-0.24663146,1.1453857,0.6342281,0.32162914
149,-1.3615307,-1.2361562,-1.6254389,-1.2742592,0.024710948,-1.5336034,-1.5842398,-1.5703138,-0.21385157,-0.2957803
150,1.1198335,1.3102335,-0.35716978,0.047984745,-0.47158942,0.75540173,-0.41611952,0.33147576,1.0138083,-0.5767365
151,-1.2574166,-0.4995029,-0.06691514,-1.3119619,0.61061734,-1.4330763,-0.023691874,-1.17386,-0.7222886,0.22771166
152,-0.83193237,0.04459805,0.040637158,-0.49680585,-0.20419098,0.10702989,0.010176627,-0.48776427,-1.4184337,-0.86474144
153,-0.29741734,0.14622729,-0.86914754,-0.61276144,-0.4501214,-0.24669874,-0.8671868,-0.8039473,-1.0996622,0.78597206
154,1.4374655,0.5132081,0.65418935,0.8771305,-0.33176637,1.2428639,0.65651387,1.3436384,2.0490627,0.2376474
155,0.8952851,0.26748377,0.53490394,0.35739416,-0.8154785,0.36399865,0.49538168,1.128607,0.27061749,0.5841039
156,1.0590764,0.5057648,-0.5797081,0.49789387,-1.2537658,-0.08602836,-0.57790565,0.1249433,1.3705906,0.5345139
157,-0.0059403307,-0.3748714,-0.2465278,-0.30959627,0.4721982,-0.6822006,-0.28625903,0.2765878,0.12205843,0.9023544
158,-0.7162928,-0.4532188,-0.20144737,-0.22014505,0.024421316,-0.03847552,-0.1736885,-0.2988269,0.3595677,-0.009602746
159,0.1859342,-0.20247293,0.07879615,-0.0700399,0.7526032,0.39382255,-0.039821222,0.5344274,0.09229115,-0.452087
160,0.6914599,0.10807102,0.5574148,-0.18662058,-1.1447481,0.34528318,0.5560037,-0.3159541,-0.85929996,-0.7575231
161,0.5517603,0.15138006,-1.6534779,0.26254413,-0.40427408,-0.06535313,-1.5631396,-0.712659,1.311424,-1.1825402
162,0.9135045,1.62739,0.4139402,0.7265016,-0.46618512,0.8430134,0.44975793,0.95582676,1.2682086,1.7012218
163,-0.54429835,-0.74637175,0.2951068,0.10680066,1.7797041,-1.0455658,0.29828444,0.5309135,-1.8751159,0.57797563
164,0.5362895,-0.13996705,-1.1920052,0.7028807,-0.24425128,-0.5724894,-1.29034,0.15280141,0.045829855,-0.9322011
165,-0.75382787,-0.663689,-0.7022368,-0.35527265,-0.38119325,0.11823645,-0.757133,-0.8625203,-0.5306513,-1.1335782
166,-1.2039517,-1.0989761,-0.014616952,-0.8005553,0.10101479,-0.5340606,-0.11569557,-0.08318663,-0.2540623,-1.2884955
167,-0.39245343,-0.39576778,1.3559061,-0.04798745,2.0900836,-0.65039456,1.5092187,0.24351805,-1.312421,0.17082386
168,0.16107889,-0.22088471,0.4677604,-0.7750437,-0.12483974,0.62788916,0.41090593,-0.1934822,-0.31449124,0.04681194
169,0.24212573,0.14654227,-2.3281212,0.23076972,-0.68919384,-0.14084645,-2.3186648,-0.38096482,0.51291406,-1.3834448
170,0.253326,1.4825815,0.618464,0.9485745,-0.4412473,0.5782825,0.6366882,0.693594,0.21324013,-0.4547123
171,-0.026845753,-0.4080522,-0.20468023,0.07143828,-0.655374,0.5296264,-0.26710084,0.15266559,0.1597362,-0.77799565
172,0.17631142,-0.13460076,-0.5589572,0.35289022,-0.165148,0.45580322,-0.54119956,-0.5524626,-0.5319932,-1.26462
173,-0.82343197,-0.6944718,0.44257647,-0.39245307,1.4503828,-0.78987026,0.3364315,0.4081024,-0.82286197,-0.3452407
174,-0.5242664,0.4887911,1.4952085,0.7207314,2.3545501,-0.047497634,1.6573534,-0.42213145,-1.0584009,0.7584985
175,-0.49461615,-0.70887953,0.93999916,0.25377393,-0.61821544,-0.036164377,0.7692065,0.040979296,0.24119756,0.5905438
176,0.81289506,1.2871864,1.3468121,0.82533365,2.2187397,0.8347631,1.2827191,1.3687571,0.86888975,1.8889322
177,0.23520492,0.37123957,0.028258562,0.35508516,-0.38597205,-1.1450539,-0.044506606,0.3239953,-0.68362254,1.0413
178,0.8991646,-0.05502374,0.41304344,0.9486276,-0.52283525,0.80308306,0.45918584,1.0904343,1.1978135,0.94607216
179,-0.73672163,-0.93600154,0.750441,-0.9475417,0.5582774,-1.078233,0.58454156,-0.22837786,-0.5908645,-0.021071393
180,0.23996542,0.461763,0.32172292,0.5048535,-0.18917221,-0.6890808,0.16857272,0.12291151,-0.6001277,1.6266861
181,0.19350728,0.46287656,1.4233617,0.9040202,1.8598098,0.7827872,1.3208301,0.8557295,0.44840178,-0.16009799
182,0.13558733,0.15434359,-1.0857496,0.026302874,-0.12950225,-0.075463966,-1.1917088,0.2318619,0.17010206,0.081496015
183,0.87683046,0.88651836,0.9664652,1.0044993,-0.4055033,1.2227874,0.89247984,1.4253031,0.22471876,1.747261
184,-0.73221403,0.04506575,1.5381407,0.48580542,2.8696237,-0.53995395,1.5977397,1.1677572,0.026498606,0.52305675
185,1.27317,1.1139277,-0.04796726,0.6958878,-1.0145247,0.06695014,0.004394438,-0.114940144,-0.10959834,1.7884644
186,-0.38187635,-0.37064025,0.43224812,-0.66173756,0.11840202,0.41280705,0.3717978,0.21047474,0.2019108,-0.072079085
187,0.8128586,0.30315536,1.3346623,1.3739766,0.035351086,0.5211287,1.3610339,1.0287285,0.030969383,0.9943701
188,-0.20576963,0.12386518,-1.1550727,-0.54128456,-0.38374674,-0.6834939,-1.182091,-0.6681029,0.66052306,-1.2338334
189,-1.2221227,-1.2688397,-0.2351382,-1.5234479,-0.4684519,-1.1563329,-0.22089235,-1.1908002,-1.1414481,-0.6196945
190,-1.220246,-1.2957157,-1.9932195,-0.7648304,0.19714268,-0.9996612,-1.9586483,-1.727663,-1.0198696,-0.8011985
191,0.9677204,0.010671807,1.301776,0.82858783,-1.413075,1.3776456,1.345761,1.0291339,1.3725965,-0.6063357
192,1.9960442,1.003949,1.3645453,0.8485634,2.2337875,0.69510317,1.465835,1.995064,0.95221055,1.9875926
193,-0.009614777,0.6777232,1.1341134,0.56053966,2.09912,0.6676191,1.2179891,1.571165,1.5023494,-0.10942869
194,1.2323579,0.11584403,0.27762347,0.27772152,-0.081942566,0.16569214,0.25207546,-0.48960268,1.004806,1.0053324
195,-0.11661934,-1.1203445,0.12277299,-0.817386,1.342084,-0.5088409,0.14034313,-0.040312987,-0.74554175,0.38670242
196,0.83567154,0.7105578,1.277465,1.1404176,-0.61111575,1.157963,1.541823,1.3014718,0.23072611,0.19953409
197,-0.6386976,-0.17739862,-2.0824862,-1.0014733,0.15148109,-0.7489147,-1.9825178,-0.54011524,-0.862261,-1.3621856
198,0.753033,0.7005153,0.96076256,0.73498625,-0.45427904,0.9188222,0.9449968,1.1915472,0.6542571,1.7388122
199,-1.8520509,-1.4359381,-1.2128205,-1.0701963,-0.35946378,-1.3977458,-1.2780272,-1.3097895,-0.71139437,-0.32557163
200,-0.17743398,-0.3205278,0.21696165,-0.6310945,-0.5886949,-0.4124074,0.2011416,0.12172098,-0.538277,0.52860385
201,-1.4185984,-0.76804644,-1.8444716,-1.6490158,-0.44084352,-1.7434701,-1.8329715,-1.3454247,-0.46817932,-1.4990059
202,1.4677119,0.49930984,0.6607584,0.77063686,-1.1266688,1.8209006,0.57418394,0.6835477,1.6262596,2.1191318
203,1.0722734,1.3323946,-0.05901479,0.85043275,-0.22262022,0.23821452,5.4938617e-05,0.63030744,0.890864,1.7505075
204,1.9282932,2.19151,1.0573488,0.6961658,1.1663886,0.92200243,1.132712,0.53482765,0.02015473,0.13373075
205,-0.9469813,-1.6273568,0.305269,-1.5151302,1.0789727,-0.21084757,0.28211218,-1.1577101,-0.39914763,0.38195187
206,1.4259605,0.6503178,1.0874935,1.2865427,-0.47534475,0.58820164,1.0637758,1.0410044,0.31370965,1.7695603
207,1.2691526,0.5170383,0.028160125,0.7186855,-0.0659742,-0.1591689,0.010129545,1.3275926,-0.26176214,1.8023118
208,0.9407239,1.4394614,0.3531201,1.0479025,-0.40132412,1.4787105,0.35235718,1.3581222,0.89252007,-0.6780545
209,-1.1708896,-1.0084082,-0.44262213,-1.3950069,0.026651967,-0.4296943,-0.28666192,-0.39059326,-1.0422788,0.36006808
210,-0.6718023,-0.625929,0.5954609,0.66919553,1.6579202,-0.0795834,0.6476543,0.6470895,-0.45009702,0.53322315
211,0.05170322,0.6299387,-0.55249226,0.48219797,-0.4095581,0.23525187,-0.47973013,0.4857468,1.1462392,0.8541689
212,-0.09598782,-0.14501828,0.24479827,0.3415486,-0.7192468,-0.83003396,0.23500824,0.542256,-0.160096,-0.33501709
213,-0.28031045,-0.1667799,1.13984,-0.71026313,2.2260523,-0.45683953,1.1677648,0.8565467,-0.3818286,-0.83688486
214,0.10308164,-0.041715834,0.97321117,0.24088375,1.2921658,-0.31123114,1.1281171,-0.39301753,-0.053162,-0.18606032
215,-0.2640943,-0.1981678,-0.35326943,0.0559672,-0.095819846,-0.2764565,-0.31769747,-0.8698498,0.62498057,1.0846685
216,0.69722974,1.8796481,1.4209578,1.3139437,2.0171196,1.5941658,1.378514,1.3251182,1.3235599,-0.5736241
217,1.4071783,1.8994008,1.3245178,0.6063634,2.222733,0.7497622,1.4969957,1.2067508,1.4671333,0.32222834
218,0.3394673,-0.026796894,0.8551506,-0.18837884,1.0135535,0.6053819,0.79263693,1.6739697,0.38351798,-0.619256
219,-1.4995323,-2.0942302,-0.7374101,-1.7100121,-0.45699254,-1.984161,-0.77274406,-1.3339541,-1.055961,0.08042324
220,1.2351388,1.3584783,0.7536238,0.32855868,-0.69478536,1.2390587,0.8247032,0.030292226,1.4991074,-1.0981456
221,-0.11173686,-0.27423036,-0.9538613,-0.27094805,-0.26968163,0.24314736,-0.9087969,-0.5690462,1.3597383,-0.60944515
222,-0.6539653,-1.2109538,0.81718796,-0.21271949,1.1268142,0.15665177,0.8698526,0.37217805,-0.07332142,0.44316292
223,0.24668445,-0.70855486,0.5686391,0.027397623,1.4756845,0.056627315,0.67110795,0.026746606,0.12824608,0.4554793
224,0.38245577,-0.08187337,0.89520514,0.6089468,2.1128714,0.79010653,0.9426967,0.39767984,1.1475605,0.7249281
225,-0.7177269,-0.042300038,0.34714568,-0.58547264,-0.3097968,-0.18583898,0.57536083,0.3947005,-0.18865187,-0.29714137
226,0.1930371,-0.84082675,0.9692534,0.0698658,-0.37513077,-0.67711,0.9566993,-1.0090232,-0.67564917,-1.1421052
227,1.5229498,0.5632118,0.38876244,1.164976,1.8535702,1.5025146,0.36376953,0.9771852,0.5777703,-0.7268777
228,0.002651357,-0.25036603,0.67582995,-0.40952006,-0.87955445,-0.45526975,0.7317769,0.15467173,-0.5721522,-0.38660592
229,-0.8422723,-0.21076201,0.25538152,-1.228671,-0.8896484,-0.0774433,0.114053674,-1.3730106,-0.7161074,-0.036760647
230,0.25703013,0.55095327,1.0894712,0.27965376,-1.031302,0.04188099,1.1484336,1.436121,-0.48546296,-0.9628705
231,0.03322976,0.46354482,-2.0061758,-0.67396563,-1.3746383,0.1869192,-1.9580499,-0.89058477,-0.42768052,-1.3087093
232,0.087861255,-0.24273944,-1.6984993,-0.15017462,-0.9633456,-0.28411672,-1.622474,-0.31671035,-0.21318983,-0.8120352
233,0.9104534,1.6205466,0.70721704,1.429677,-0.6289257,0.576012,0.6170499,0.72511035,1.1105763,0.944613
234,-1.0353787,-0.53471583,-1.7741219,-1.2850605,0.51139104,-0.7884676,-1.63452,-1.2636907,-0.09201837,-1.6061685
235,-1.0485898,-1.6883976,-1.0232203,-0.94321674,0.75135255,-1.4392931,-1.0620021,-1.080605,-1.572554,0.1363353
236,0.4523902,0.7703692,-0.39873844,1.4535037,0.25819066,1.481592,-0.37291977,0.98832595,1.4358549,-0.487744
237,-0.100960515,-0.5135223,0.6528266,0.65915585,0.28607765,0.21396206,0.73123586,0.07360179,-0.0973741,-0.096599475
238,1.3253969,1.2514212,1.0245429,1.7126856,0.69761205,0.6344538,1.0013301,1.0644307,1.3416742,2.0122087
239,-0.5571864,-0.770228,-1.1000665,0.22199732,-0.41852933,-1.1719595,-1.1309837,-1.0397773,-0.78384036,-0.92976445
240,1.3424222,1.904129,0.7678914,1.5894501,-0.57937056,1.0432338,0.7405171,1.3044535,0.91379136,-0.19255424
241,-0.7129781,0.10044999,-1.273591,0.39196458,-0.9698828,-0.5644316,-1.4170288,-0.112907164,-0.088161215,0.057275523
242,-0.831588,-0.14444251,0.212541,0.03663605,-0.30458337,0.27932435,0.21218067,0.03919722,0.20829968,-0.58245295
243,0.070579454,1.2273682,0.33863717,0.03887381,0.28333244,0.2873928,0.3543957,0.5424365,0.59525126,-0.81288683
244,0.88787365,0.92137796,0.009959253,0.44917616,-0.19829068,0.3613358,0.037431724,0.4928083,0.60591257,-0.31136414
245,1.2439908,0.8477241,0.06542049,1.0155462,-1.3403369,0.86258805,0.0736305,0.63038474,1.4409438,1.2924582
246,-1.1006455,-0.47649437,-1.4067956,-0.08074834,-0.98494565,-0.4775504,-1.4063675,-1.416744,-0.29902542,-1.4545358
247,0.12972222,-0.6898302,0.8898623,-0.16466603,0.17779095,-0.025302632,0.87231225,0.69419163,-0.6690628,1.1384294
248,-0.64289606,-0.8144275,0.28912336,-0.9729113,0.18859707,-0.16960835,0.2694143,-0.23541355,-0.5812878,0.781489
249,1.0273438,1.6470916,0.41016084,0.80811846,-0.4020146,0.078607984,0.321427,-0.20805527,0.9855012,1.6910836
250,0.9046142,1.4480203,0.7513625,1.9383308,-0.51260674,0.26983303,0.7392914,1.1808687,-0.06269867,1.8894422
251,-1.3550109,-2.172885,-0.24917439,-1.2661625,-0.2467145,-1.3905075,-0.3374305,-0.99117684,-0.29733342,-0.12512942
252,-0.79626435,0.07509209,0.044719763,0.13187537,0.30243185,-0.36792672,0.09820296,-0.45346683,-0.373518,-0.829864
253,1.5865496,1.8778491,0.5144777,1.4592216,1.9950088,1.8978965,0.44403154,2.01877,1.4562606,0.3552718
254,0.1622055,-0.21187074,0.36126772,0.61085683,1.2708658,0.5117,0.2651848,-0.6056919,-0.38202387,0.35761762
255,-1.3968114,-1.9278463,-0.89198965,-1.1685331,-1.1202859,-0.89846516,-0.85772604,-1.8211148,-1.1732993,0.13919276
256,0.42805663,0.4243718,0.8532567,0.24283968,0.42954603,0.7837561,0.92839414,0.18963157,0.7198721,-0.9112143
257,1.2375836,1.1071857,0.7769573,1.860407,-0.024865577,1.1940207,0.65801185,1.2992809,1.3806297,2.1285667
258,1.1258827,1.0170071,0.25793266,1.5307477,-0.40488595,0.38262126,0.39865097,1.1822383,0.702144,0.48868698
259,0.6911267,0.44002694,0.38235354,0.68937796,0.18033102,0.15105124,0.40539375,0.37710088,0.4683542,-0.55622226
260,-0.9750667,-0.45193794,-1.542152,0.22966483,-0.49594256,-0.650896,-1.4688622,-0.6725971,-0.003341061,-1.4277775
261,0.232783,1.4100319,1.2899213,0.239357,1.4993181,2.0565295,1.4330764,1.4623634,1.4301199,-0.88856614
262,-0.33356494,-0.46843225,-0.6225937,0.16594918,0.5450681,0.1695131,-0.5171278,-0.21336462,0.5223701,-0.88934064
263,0.26326817,0.9061945,0.67994016,1.5667522,-0.8630252,0.7113352,0.7665128,2.3533807,-0.012894919,0.54613405
264,-0.9982783,-0.15756583,-0.18534036,-0.21713658,-0.6323663,-0.6801468,-0.27097628,-0.54047203,0.16238905,-1.2626919
265,-0.05696315,0.7356215,1.2999443,-0.41872382,1.6200721,-0.29819858,1.3194618,0.6866917,-0.4607548,0.04473382
266,1.2603528,1.3735644,1.1911075,1.3782489,2.0640075,1.2262356,1.1089958,1.6002538,1.0569173,-0.23084973
267,0.79852194,0.93660665,0.50785404,1.1886526,0.50081414,1.4598304,0.57419276,0.6024326,1.1677312,-0.16581738
268,-1.4674176,-0.9099812,-0.07355227,-1.3402712,-0.38067293,-1.5753243,-0.26890635,-0.552225,-1.0847123,-0.17142262
269,-0.33000702,-0.27916557,0.5301236,-0.18826668,1.3168881,0.73668116,0.4950781,0.66026044,-0.43908095,0.70324576
270,-0.72944677,-0.39918563,0.6168237,-0.9811517,1.875024,0.15863143,0.5392212,-0.1837616,0.31080636,0.5808768
271,0.05437683,-0.35482427,-0.09143306,0.27940673,0.51454026,0.49696586,-0.079592384,0.8030952,-0.37781933,-0.27516162
272,0.7757767,0.5682116,0.5797698,1.2713718,-1.6457193,0.029976012,0.62554383,0.42846012,0.4917141,0.059154846
273,1.3851055,0.6747796,1.0208688,1.4159325,0.3918187,0.90852034,0.91947925,0.90297425,-0.18044554,2.2943745
274,1.2243019,1.2500217,1.1050953,1.8221054,-0.70577735,0.3768559,1.1487381,0.409307,0.20876063,1.4509606
275,0.11858943,0.03125835,0.77795416,0.8718873,1.5283813,0.74423337,0.8280784,0.62506866,0.5444684,-0.3743107
276,1.1299247,1.0193189,1.4769367,0.94155484,0.15102033,0.67369395,1.6776577,1.6174414,-0.3061848,1.3372933
277,0.40993086,0.6493736,-0.8436643,0.52986956,-0.8026414,-1.1025115,-0.86892474,-0.30027533,0.029145531,0.3088301
278,-1.673356,-1.4346051,-1.8478868,-1.044241,-1.0837775,-0.38657376,-1.7908037,-1.4244437,-0.13461421,-1.512824
279,1.2810031,0.49216667,0.41021797,1.3116928,-0.45560557,0.96325856,0.34667093,1.508025,1.3763586,0.21590245
280,1.0733608,0.3157017,0.025777332,1.1853304,0.41073492,0.7369138,0.032915454,-0.08544891,1.6719092,0.35426125
281,-0.055984877,-0.035339724,-2.1505547,-0.63304144,-0.17065337,0.15212794,-2.1096184,-1.333499,1.4531676,-0.9869814
282,-0.104877435,0.27793235,-1.5318637,-0.3221657,-0.56099397,0.25261736,-1.5434022,-0.6002928,0.9683832,-1.332868
283,-0.20029561,-0.29507887,0.14760077,0.030591147,0.12325631,0.42396614,0.07962416,-0.7412235,-1.0395688,0.20265605
284,-0.8551425,-1.4621081,-0.39187163,-1.2663292,0.037223842,-1.3570759,-0.36184716,-1.1667439,-0.94722944,-0.029392924
285,0.44296584,0.25264084,-0.5788726,1.2644656,0.26217034,0.6866392,-0.58714664,0.36099455,0.6571235,-1.0920757
286,-1.1632742,-1.3649015,-1.5695125,-1.3166841,-1.6003313,-1.6669999,-1.4262154,-0.8809387,-1.6344383,-0.40656814
287,0.093749665,-0.17739168,-1.9988345,0.53773814,-1.3899614,-0.071239226,-2.0049355,-0.7720042,1.3602662,-1.2638661
288,1.8443304,2.288175,0.46374607,2.0146115,1.8965302,1.2510835,0.48070875,1.1762278,1.4556098,0.5969255
289,-1.1157329,-0.73661155,-1.6255637,-0.5288604,0.27231395,-0.6604056,-1.5276858,-0.68607694,0.3388243,-1.0731394
290,-0.980058,-1.4251333,-0.34361854,-0.83569974,-0.26765603,-0.5700964,-0.3699579,-0.82503074,-0.4180591,0.5125404
291,-0.7471882,0.21294543,0.2987255,0.15064281,-0.80466425,-0.48769352,0.23132727,-0.5583353,-1.6219356,0.961062
292,0.860633,-0.06889009,0.13536076,0.12543665,0.56740034,-0.13121109,0.15105839,0.9892087,0.21263717,1.3935935
293,-0.64206946,-0.24817368,-0.18462749,-1.0865117,0.04588513,-1.1251974,-0.13134494,-0.25214085,-0.5282233,0.42227697
294,0.72058964,0.77605253,-0.42450082,0.6368421,-0.041336935,0.5496167,-0.4681014,0.033137172,1.1623051,-0.2588299
295,-0.8872852,-0.50977224,-1.5402994,-0.56351596,-0.97930455,-1.3945508,-1.4741666,-1.2117432,-0.72207904,-1.4591374
296,-1.479697,-1.3088907,-0.8638981,-1.5846157,-0.45534778,-0.37423202,-0.9770922,-1.5072997,-0.64419633,-0.061442204
297,-0.9898819,0.08145684,-1.0630686,-0.07623587,0.11912071,-0.4340992,-1.099792,-0.99406034,-0.3485698,0.36240414
298,0.21065086,0.2969649,-0.90157145,0.08744736,-0.37460592,0.29201585,-0.9412799,0.046449248,0.90795255,-1.1140088
299,0.6112881,0.093575485,1.2486253,0.3675707,2.1696258,0.18396522,1.3289455,0.7091174,-0.54730684,0.44991904
300,-0.64896005,-1.3012494,-0.70488125,-1.4512041,-0.90940684,-1.4652781,-0.5678802,-0.15814465,-0.9533694,-0.3366948
301,0.14548118,0.31756565,-1.6162483,0.45894507,-0.7132921,0.57239354,-1.5220566,-0.20449843,0.5715576,-1.421115
302,0.7818111,1.0401073,1.4799088,0.2134327,1.765796,0.4969629,1.4727681,0.3356802,0.19613595,0.9104937
303,-0.25551918,-0.5361023,0.56582654,-0.5912594,1.9462789,-0.16660152,0.568818,0.039791428,-0.43683922,0.5816777
304,0.7277789,1.175332,0.4576316,0.21180949,0.16203138,0.7746123,0.4823677,0.7865824,0.53235435,0.4615242
305,0.6147087,0.5888607,0.7989877,1.2964135,2.084538,0.85172594,0.8174241,0.6924474,1.1867162,-0.97749656
306,0.3263879,-0.13606061,0.52930456,0.6884921,-1.3870379,0.03199559,0.55893046,0.08151718,-0.8202788,1.002146
307,-0.49375647,-1.3451887,0.7199706,-0.77323157,1.3103933,-0.41315567,0.7770665,0.22857799,0.3076057,0.81968194
308,0.97605723,1.5559361,0.893732,0.44117817,-0.15358824,1.0158994,0.958528,1.7806404,0.789251,-0.416945
309,-0.12180572,0.82341266,1.4338015,-0.38024756,-0.8629271,-0.30670348,1.611108,0.148629,-0.73583925,1.6989762
310,0.39662653,0.82459307,-0.48640528,-0.14084965,-0.10605309,0.31355542,-0.5202542,0.54103875,-0.1707869,-0.70343953
311,1.084409,-0.05774022,0.5829198,0.71715987,-0.11336421,1.0093,0.3466522,0.1312197,0.14788863,-0.47803274
312,0.033021566,-0.7966568,-1.3566729,-0.17831796,-0.5749086,-0.05813901,-1.3249563,-0.8879933,-0.49115732,0.011505639
313,0.3083759,0.26942572,-1.3934761,-0.044678077,-1.0193933,-0.3994888,-1.2865295,-0.34562278,-0.33586487,-1.1135589
314,0.92031825,-0.27356634,-0.27135897,1.3070109,0.3531676,-0.37991732,-0.3189612,0.18098916,0.52685004,0.86014634
315,0.21484236,0.6054612,-1.4250826,-0.16924146,-0.35365644,0.6970811,-1.4938906,0.919885,1.6971364,-0.7738883
316,-1.3028197,-1.043848,-0.39648274,-0.96155757,-0.86267406,-0.62155336,-0.39254573,-0.70972884,-0.19583674,-0.788093
317,-1.0093622,-0.64013034,-1.8870646,-0.99960804,-0.14848104,-1.1626503,-1.8249454,-1.1712953,-1.2750573,-0.97059715
318,-0.28444228,-0.88628155,-1.457278,-0.55932194,-0.86198664,-0.6790519,-1.474206,-0.16533452,0.767889,-0.11177185
319,-0.050461933,0.06038938,-0.025612986,0.30964762,-0.6220434,-0.26290244,-0.09329167,0.6160752,-0.1656123,-0.13367133
320,-0.64603436,-1.1572932,-0.19665949,-1.0297041,0.3367865,-1.0451918,-0.25899693,-0.3420544,-1.0989339,0.09149299
321,0.3857565,0.5668231,0.8688675,-0.15452775,0.9954353,0.16114597,0.8568759,0.44480422,-0.45407557,0.5177218
322,0.7465467,2.0618706,0.5094471,1.1600684,0.10183027,1.1164141,0.49183536,0.8945132,0.5927839,-0.50795317
323,0.3691703,0.9159789,0.33293095,0.9385156,-0.32763842,-0.01681465,0.38224098,0.3963802,0.9135465,1.5179602
324,1.0857122,0.5741485,0.9673583,1.419338,-1.2657837,0.1860564,0.9689418,1.1403067,0.20281366,1.728416
325,-0.97987634,-1.7797645,0.02484639,-0.93934715,-0.3090689,-1.3159386,-0.07281797,-1.159564,-1.0317434,0.16804656
326,-0.7996116,0.1984955,0.8011571,-0.99578863,-1.0927639,-0.8788916,0.78880405,-0.7775595,-1.0089285,0.8130545
327,-0.23620039,-0.35371375,1.1770619,-0.09946443,-0.46784598,-0.98151785,1.0728033,0.9115656,-0.30428475,-0.0963339
328,-0.7931414,-0.9128558,-0.23768187,-0.61019015,-0.07194131,-0.5106204,-0.2719186,0.08547667,0.25559163,-0.52165
329,-0.029359711,1.0823109,0.6483213,0.5446564,1.9738916,1.9471322,0.5333869,0.13251832,0.75313747,-0.14052242
330,-0.060355052,0.19065855,0.06900508,-0.28909305,-0.7807718,0.5792611,0.044945534,-0.25631067,-0.49714604,0.08332726
331,-0.5028845,-0.5529039,-0.5813138,-1.1195371,-0.33643407,-0.30192018,-0.60509753,-0.61487955,-0.6492486,-1.0909008
332,-0.8666835,-0.5227826,-0.76744926,-0.51726186,0.31686017,-0.77951497,-0.7484586,-1.0036771,-0.718021,0.18417741
333,-0.3842597,0.31068906,0.72201353,-0.76985556,2.4085982,-1.1581858,0.7095906,1.4386505,-0.59341145,-0.16799432
334,1.0231571,1.3506837,0.74901867,1.2962772,-0.046522535,0.59795713,0.7748846,0.4564603,0.57615143,-0.0011340579
335,-0.6999139,0.36456937,0.7730426,-0.31789115,2.1141524,-0.19518726,0.8565708,-0.15129554,-0.94439,-0.89741826
336,0.05224391,0.48834535,-1.2352443,-0.5909918,-1.1065493,-0.34010854,-1.1063353,-0.65808463,0.9907643,-0.9977609
337,1.2619345,0.56852525,1.4164466,1.272898,1.9174609,1.2140886,1.4308826,1.3082508,0.56973547,1.9950876
338,-1.3173316,-0.5947839,0.54450667,-0.8960608,-0.74953544,-0.9546955,0.62188554,-0.38264728,-0.3098486,0.30786893
339,-0.59684163,-0.17018972,-0.87997526,-0.48121738,0.45008802,0.05081738,-0.89329046,-0.30079862,0.93712497,-0.75993186
340,0.6812955,0.17595066,0.7950154,0.9736034,1.1924198,0.556422,0.7068718,0.5111043,0.1230802,0.080108225
341,0.049366925,-0.9155058,0.73005205,-0.40400743,1.9343299,0.024802966,0.8799752,-0.6676462,-0.52610767,0.14799252
342,-1.3589021,-1.1639274,-2.3406496,-0.50604016,-1.2281206,-1.045941,-2.425063,-1.4932276,-0.7974418,-1.6539137
343,1.4321891,-0.11288745,1.0313722,0.24020666,-0.71140873,0.9606902,1.000536,0.081718825,-0.4590257,1.1522708
344,-0.5644714,-0.65385765,-0.8945466,-0.7054179,-0.87110245,0.46707356,-0.8984499,-0.34857857,-0.53921527,-1.000914
345,-0.43854454,-0.25211036,-0.0820069,-0.5902299,0.055107173,0.5761008,-0.02460003,-0.5294806,-0.51130474,0.01597642
346,-1.2998037,-1.629837,-1.9177274,-1.5565548,0.25246465,-1.9168438,-1.8181849,-1.561065,-1.569595,-1.3360654
347,0.35381702,0.87364846,0.6995099,1.0622966,0.23947132,0.32968244,0.6742775,0.67392504,0.43689552,0.09736112
348,0.73132044,0.4496621,-0.04544513,0.04046761,0.9522701,0.40236178,-0.046639565,1.1484628,0.079282776,-0.8011823
349,0.16273022,0.48591962,-1.6996113,-0.37312663,-0.6111386,-0.2711773,-1.6841425,-0.65148735,1.7278157,-1.1970178
350,0.06047339,-0.10218237,1.0503185,0.41292876,-1.1503356,0.56214553,1.0431894,0.93160814,0.007978857,1.2069657
351,0.69566584,0.5013425,-0.21213253,0.1291883,-1.5542452,-0.08773647,-0.11853123,0.64941484,1.1532121,-0.84217525
352,0.3229006,0.481585,0.9076694,0.6729778,0.46810004,0.6639776,0.83673096,-0.5029215,0.8025871,1.0122302
353,0.25690842,0.7772642,0.05935007,0.6163976,0.5489786,0.6699737,-0.0904637,0.272387,-0.26113468,1.4377096
354,0.1171244,1.3707992,1.056264,1.245654,1.1004425,0.005721405,1.0846944,1.3493161,0.040547755,-0.90993625
355,0.29859486,-0.70202786,0.33301863,-0.13208047,-0.5241561,0.27380523,0.31162265,0.62998927,-0.63563466,0.9737229
356,0.5891251,-0.22624895,-2.2491183,0.15710436,-1.5563803,0.5979764,-2.0242858,-0.4134601,1.3223245,0.5572889
357,0.36883405,0.47212914,0.4255472,0.58802867,-0.5183923,0.3324794,0.33488998,0.4725548,0.40381312,-0.23347852
358,-0.17868477,-0.21317174,0.55237615,-1.0491216,0.38353208,-0.18389545,0.32960102,-0.27657765,-0.021845045,-0.08468896
359,0.29766685,0.064344764,0.12830341,0.08239946,-0.18989234,-0.11584489,0.023551298,-0.085403934,-0.24268655,-0.3043811
360,0.9231063,0.8455211,0.7269366,1.260449,1.4294903,0.820024,0.637801,0.5847777,0.31745344,1.5075101
361,0.82307404,0.51410437,0.48223796,0.59672093,-0.20499158,0.5716744,0.47967538,0.8357104,-0.45351943,1.2962706
362,-0.93732435,-1.4765421,0.55649716,-1.3850383,-0.55972844,-0.53049517,0.5034583,-0.22637422,-1.0416415,0.5021304
363,0.887938,0.1922023,0.6678047,0.4414656,-0.37409478,0.837184,0.5966742,0.20525204,-0.036946807,-1.1809605
364,-0.7046743,1.2685118,1.3770932,-0.13541238,2.3087606,0.25043097,1.4237533,0.4784074,0.47455102,0.14441012
365,0.91179454,0.8163097,0.30309707,0.7990694,-0.16034782,0.6884747,0.17577103,0.020840894,0.81123096,1.2463404
366,-0.43163407,-0.20502086,-0.10559649,-0.9875505,-0.6382523,-0.46731958,0.045749187,-0.6152351,-0.25541842,0.051619858
367,-0.94815624,-1.5340823,-1.2463528,-0.7757818,-0.3391026,-0.29920673,-1.3220167,-1.3491049,-0.80848926,-0.79809785
368,0.7208823,0.47828892,-0.3020393,0.9831157,-0.5737395,1.0405022,-0.21836822,0.30569905,1.4464486,0.25114444
369,0.32465994,1.0208006,0.53151405,0.7658258,0.048290234,1.0484437,0.45383558,1.3593988,1.486683,1.4356956
370,-0.21194695,-1.456098,-0.06059801,-0.18077917,0.46079743,-0.74475414,-0.027954165,-0.19156645,-0.6626084,0.13075201
371,-1.462289,-1.0662543,0.25399548,-0.92374927,-0.10314414,-1.4113789,0.25798678,-0.3732777,-0.48136717,-0.5195305
372,-0.8347396,-0.99618816,0.51278305,-0.6703998,0.7471927,-0.73140156,0.4512168,-1.1426331,-0.65775377,-0.83771765
373,0.7258433,0.22078253,-1.0433315,0.8643895,-0.11250329,0.3926242,-0.98702455,0.04773078,0.9680751,1.3894182
374,0.23934218,0.19303712,0.7129113,0.56922966,-0.34299794,0.7480446,0.5633887,0.309248,-0.19680978,1.6303635
375,-0.65706897,-1.2430112,-0.29727536,-1.2426705,-0.6172944,-1.2716348,-0.3605527,-1.1018624,-0.74433833,-1.508856
376,1.238934,0.5108044,0.93583196,0.6044169,2.0357718,-0.069130145,0.9715522,0.86095417,-0.8660117,0.90877193
377,-0.43130377,0.1472939,0.1169018,-0.47102422,-0.77323323,-0.2261751,0.09395857,-0.45630488,0.016037818,-0.7195559
378,0.72827244,0.36632863,0.19678646,0.71443415,-0.4993338,0.99332255,0.079749435,-0.14525923,1.2303874,-0.885052
379,0.3269559,0.85650307,-0.7399652,1.3880082,-0.7818586,0.43919832,-0.76195174,-0.10121448,1.545456,-0.96243566
380,-1.440764,-1.6498708,-1.9043,-1.8209556,-0.23745377,-1.1970345,-1.8347533,-1.409053,-1.4473857,-1.2008665
381,-1.093376,-1.2851344,-1.1133574,-1.1555165,-0.9042871,-1.0700533,-1.185928,-0.90183544,-1.4042693,-0.7576461
382,-0.2774228,-0.3910759,-1.0069045,-0.08747578,-0.8273147,0.11672964,-0.88389724,-0.9092989,-1.036324,0.19546615
383,1.2491316,0.8543439,0.6213432,0.6562109,-1.6761737,0.6361018,0.58405566,0.525348,-0.04526891,1.7235674
384,0.9307508,1.1568035,0.44982094,-0.19859628,2.1860476,1.1936685,0.5339125,0.66591233,0.76121914,-0.8276948
385,0.48501623,1.0387042,1.1399528,0.9103555,-0.3165105,1.0101819,1.1175332,1.5633603,1.039841,0.93684053
386,0.8107728,0.59882414,-0.91533846,0.8655191,-0.5538399,0.5317933,-0.91224384,0.24620822,0.58250904,-0.80601496
387,-0.43063867,-0.9788656,-0.012948678,-0.4737688,-0.5532212,-0.997491,-0.07337981,-0.6078004,0.42193708,0.2727439
388,-0.22216567,-0.16628183,1.1436132,-0.3651872,1.9325529,-0.4575877,1.135741,0.2603531,-0.5521472,-0.11261738
389,-0.51976985,-0.42334443,-0.7950394,-0.6977944,-0.21598251,0.29587907,-0.70040673,-0.42641717,0.24474157,-1.120941
390,1.4120297,1.7079053,0.81327915,0.94871503,-0.35004815,1.3228974,0.7445168,1.653203,1.1622281,-0.85641026
391,1.1398563,0.9865642,0.5920946,-0.15010418,-0.9338924,1.8168085,0.6324463,1.5919676,0.8854024,-0.06844862
392,1.5318264,0.28809056,0.41998523,1.0986071,-0.7284678,1.0366164,0.45079026,0.58985114,0.49501538,1.439401
393,0.85051274,0.59725225,0.3155032,1.056291,-0.446955,0.87825686,0.25545168,1.0253565,0.94535935,-1.2298387
394,-1.3040676,-1.1174163,0.48396584,-1.0791066,-0.93632084,0.0955388,0.47657263,-0.6736881,-0.44873124,0.34542552
395,0.49250436,1.0727905,0.78868544,0.64059454,0.48739016,1.3194907,0.8065583,0.4830272,0.7214699,0.48006022
396,-0.46783873,-0.890542,-0.4548444,-0.68991923,-0.5183775,-0.011656998,-0.44056705,-0.5363365,0.003506894,0.13213515
397,-1.1030179,-0.8938519,-1.0686704,-0.85094446,-1.1506722,-1.2129536,-1.1248993,-0.355309,-1.3450484,-1.0512315
398,-0.5215353,0.034972224,-2.725553,-0.9057311,-0.338136,-0.9959235,-2.5900598,-1.57973,-0.078429304,-0.8126373
399,-0.6947117,-0.5963196,-0.60619295,-0.43501243,0.19747506,-0.28058726,-0.5725247,-0.2441453,-0.07357295,-1.6374676
400,-1.7528378,-1.5200634,-1.9865776,-1.3993267,-0.066414565,-1.8428158,-1.8803015,-1.4794663,-0.81618035,-0.16632482
401,-0.8516294,-1.5982192,0.36776927,-0.39905772,1.9276122,-1.2444886,0.35809636,-0.038705826,-2.2556403,0.18335046
402,0.70564544,1.3284582,0.7775279,0.5567458,1.1403131,-0.03660464,0.7461926,1.9642305,-0.10356101,0.06730815
403,1.5630016,1.1779368,0.7551559,1.4404722,1.1697584,1.349575,0.6458096,0.919737,0.7899372,2.2472053
404,0.36874783,0.5481123,0.5529151,0.5610279,-0.2978117,-0.4398127,0.52622706,0.7612921,-0.24710228,-0.11614801
405,-0.029269245,0.6246869,0.57198375,0.45587662,-1.4150743,0.22678542,0.6628879,0.26492256,-0.64402366,-1.1555936
406,0.08270157,0.16205208,0.2977484,0.6708991,-0.96014184,-0.07204039,0.30988047,0.13992503,0.03997026,-1.1730556
407,0.6887064,-0.15797397,-0.05320559,0.6551298,-0.47783244,-0.044874292,-0.048171468,0.068446405,0.24232367,-1.2191175
408,0.06232046,-0.66128033,0.5015839,-0.45093194,1.4489204,-0.6920341,0.43971616,0.988688,-0.30052736,0.54834986
409,0.033417974,0.4388678,-1.0794002,-0.26139313,-0.56244415,0.67376035,-1.0581554,-0.20919877,0.2383538,-0.47209975
410,0.3808749,-0.10251823,-0.100608855,0.24327245,-0.045729913,0.2732431,-0.07369885,-0.21904694,0.29218215,0.85547256
411,-1.5818373,-0.8768577,-0.36491832,-0.5225373,-0.6000184,-1.1066475,-0.505368,-0.7631172,-0.83200634,-0.08218248
412,1.8832394,1.3597785,1.0818611,1.4552351,-0.9129846,0.70520324,1.0666804,0.5468171,1.2020323,0.026633713
413,-1.309901,-1.0218502,-0.32640755,-1.2636404,-0.32675278,-0.49633923,-0.40452516,-0.80054235,-1.5487255,-1.2432985
414,-0.16484046,-0.51061577,0.79401785,0.2773855,-0.44153225,-0.5883986,0.7627695,-0.80926186,-0.3603716,0.65400904
415,1.82506,1.8662046,1.3245698,2.061289,-0.25908303,0.7372562,1.4818635,0.74064285,1.6756351,0.5239631
416,-0.6802789,-0.9658558,0.26786968,-0.484181,1.4625314,-1.0765388,0.22074574,-0.8471852,-0.6828984,0.55383086
417,1.0158702,0.5194533,-0.12399716,-0.14632085,1.9021271,0.35554492,-0.08477439,0.49457502,0.2556759,-0.5855853
418,0.79168636,0.5461572,-0.081197605,0.3331446,-0.50126076,0.37747023,-0.091973595,0.1619498,0.2952043,1.4777559
419,0.3816234,0.2888761,0.11991411,0.37852398,-0.6652381,-0.023051133,0.08733283,1.0012072,0.34865156,-0.41096878
420,1.5396026,0.8107835,1.0163696,0.10854438,2.003184,-0.2649724,0.9795965,0.94056994,-0.5954039,0.047813855
421,-1.1368836,-1.0930512,-1.1852654,-0.7024952,0.21157448,-0.9523492,-1.3003018,-1.1253198,-0.23506635,-0.0739506
422,-0.8168739,-1.180008,-0.15912627,-0.6950019,1.0755353,0.11194241,-0.19252783,-0.20641586,-0.9443536,0.61999744
423,-0.57686406,0.15353881,1.2069793,0.40062878,1.1345028,-0.3208748,1.1895975,1.5672739,-1.6309776,1.4673748
424,0.050880194,0.17175743,0.20875406,0.2502972,-1.0239451,-1.0412275,0.23090029,0.30745453,-0.14926246,1.4079473
425,-0.31449553,-0.6673081,0.048570845,0.02486711,-0.113336034,-0.20822468,0.070698604,-1.0802485,-0.79343915,-0.21249904
426,0.20193772,0.9350764,1.143866,-0.16557372,1.8068935,0.17845984,1.212123,0.19418286,0.82770246,1.1439245
427,0.10053731,0.66426986,0.48573756,0.17652556,-0.8097187,0.45628062,0.53923327,0.20181857,-0.4577851,-1.1183258
428,0.45673466,-0.4588808,-1.730409,0.2990415,-0.40035483,0.46890914,-1.6872889,-0.84726536,1.905642,-0.64469075
429,0.48548877,0.31480476,-2.0251868,-0.54028726,-0.5669879,0.021221364,-1.979613,-0.7791008,1.9391645,-1.1387136
430,0.9875755,0.92108935,1.2553223,1.1890848,0.5644337,0.550123,1.299781,0.9614549,1.2444242,2.3618572
431,-1.0175992,-0.9916096,-0.17929088,-0.75649744,-0.09830973,-0.34459767,-0.23420668,-1.2556789,-0.7051368,-0.28665563
432,0.2436802,-0.086997665,0.7124808,0.42174625,1.3038287,0.6036403,0.72364384,0.19527881,-0.6617218,-0.1686521
433,1.0698857,0.5734266,-0.027638316,1.197005,0.17996071,-0.072252244,-0.10934192,0.16438095,0.7378619,0.43707737
434,-0.7842252,-0.69248325,-0.014500354,-0.03847514,0.07757453,0.24940997,0.01293816,-0.3328173,-1.2141002,0.58041114
435,-0.20740302,0.5261941,0.9999565,-0.3500926,2.52371,0.4715755,1.0115492,0.0075781615,-1.9715039,0.46601704
436,0.9096932,1.2343625,0.082062066,1.0351908,0.032387026,0.5026791,0.14202377,0.5780384,1.3239361,-1.0739647
437,-0.87325996,-1.0213258,0.20891476,-0.69428504,0.07100688,0.0059563057,0.18761055,-0.13092594,-0.39791074,-0.52649087
438,-0.7826085,-0.7676515,-1.3068918,-1.5584968,-1.1610427,-0.79301983,-1.3504363,-2.1146164,-1.312372,-0.6167498
439,-0.19834305,-0.6937159,-1.0169935,-0.12742594,-0.4518515,-0.26842594,-0.89707077,-1.0124547,-0.002752188,0.0007028221
440,-0.06211102,-0.14380416,0.11363932,-0.19358486,-0.8875328,-0.4252103,0.07602776,-0.5107609,0.24304876,-0.22469349
441,-1.2585573,-0.92135525,-1.8397292,-1.0958763,-0.25266176,-0.83203614,-1.8277266,-1.316285,-0.16039419,-1.6063758
442,0.8233838,1.4751257,0.93039966,0.83635676,1.8386267,-0.031575236,1.025249,0.9456241,0.032805193,1.0488974
443,0.23800552,0.7793793,0.33274007,0.6780733,-0.41495052,0.58487904,0.29542124,0.7533796,0.41444817,1.5001239
444,-0.14832228,-0.21056315,0.10202816,0.10479404,-0.60486543,0.32943618,0.21434453,0.46379852,0.0955101,-0.4385651
445,0.22265574,1.5128152,1.0348066,0.35505617,-0.22202182,-0.013531634,1.0688822,0.36891088,0.04003937,-1.4071478
446,0.13723503,-0.14837734,0.60257953,-0.5193628,0.10060168,-0.5417039,0.62819207,0.41326845,-1.3496622,0.749334
447,0.3622373,-0.22454299,1.3168582,-0.678122,0.58327705,0.47907096,1.458991,0.7519534,0.1981566,-0.13951017
448,0.9633943,0.2038482,0.60178435,1.0522267,1.7582526,-0.39616984,0.5902819,1.1373433,0.27612793,0.65577894
449,0.9355067,0.5227489,0.9045595,1.0659801,0.70457375,-0.6840598,0.9366358,1.5197685,-0.21425144,0.7697844
450,0.08208836,0.822209,-0.052995507,0.4275735,-0.9884414,-0.18395908,-0.03197094,0.8356556,-0.36755773,1.1253933
451,-1.2081393,-1.0739529,-0.14432205,-1.1349682,-0.44712466,-0.82050574,-0.13893549,-0.93836266,-0.82432604,-0.83539647
452,0.31253344,0.5280516,-1.3504465,0.18569355,-0.78158903,0.07993889,-1.4105723,-0.019745661,-0.29539275,-0.80004364
453,1.4017142,1.2599074,0.7829221,1.0790523,-1.715468,0.8677784,0.73532134,1.1631782,0.9056544,0.6890189
454,1.509275,0.09053851,0.37924176,0.69455457,0.14867146,1.6203028,0.32146096,1.2931887,0.4440681,-0.5023317
455,-1.8157781,-0.8745197,-1.0162657,-1.7848735,-0.16408667,-1.467713,-1.0024221,-1.4447112,-0.6201337,-1.2476163
456,1.3114315,1.0730253,1.1155709,0.82759064,-0.6109484,0.09943993,1.1776336,0.5150185,0.586215,1.7344527
457,-0.27292982,-0.12275892,0.22050166,0.13935907,1.1227102,-0.37057707,0.27426752,-0.73380095,-1.0052016,0.50669026
458,-0.27649462,0.18030435,0.7341176,-0.3655858,0.4375249,-0.08605247,0.7149298,0.3817326,-0.19850855,0.5315494
459,-0.503718,0.2287183,-0.19683982,0.16564466,-0.22372748,-0.33809164,-0.1546381,-0.2879572,0.9082544,0.010646746
460,-0.20114031,0.19211195,0.8623308,-0.015912252,1.3225632,-0.19673258,0.9304405,0.119152926,0.07195045,1.1936795
461,1.1389054,0.30274576,0.5424145,0.52584916,-1.2284453,0.105088264,0.54786915,0.89934516,0.45354328,1.5016934
462,-0.90267676,-0.7023205,-1.5320345,0.16248275,0.2992899,-0.31249216,-1.4743558,-0.035872098,0.34167442,-0.75310564
463,-1.047565,-1.794633,0.093085445,-0.8510651,0.36352465,-0.6852938,0.22611602,-0.1721098,0.078854464,0.6290843
464,-0.2442359,-0.2624492,-0.68393797,-0.5143057,-0.26192746,-0.4067266,-0.6418491,-0.41591996,0.025473692,-1.797731
465,0.7486651,0.7752494,0.27463284,0.46145558,-0.15146303,-0.26766825,0.27666193,1.1141762,0.32327908,1.3704705
466,0.22984935,0.2607728,0.7701455,0.24647658,1.4123998,-0.15937443,0.68440235,0.8507731,0.041536592,1.2423929
467,0.17770275,-0.50683784,1.1772652,-0.28762856,-0.6711405,-0.09070378,1.057519,1.2482319,-0.31508142,-0.020449612
468,-1.3694291,-1.4406667,-1.0798011,-1.0661765,-0.64892817,-1.2336377,-1.1067567,-1.1664072,-2.2372198,-0.18814333
469,0.86497194,0.35277563,-0.1191179,1.0117595,0.15215702,0.26723856,-0.15504853,0.09847139,0.1009054,-0.8593323
470,0.12451068,-0.4797458,-1.3663741,0.2842384,-1.2370148,-0.12875067,-1.4438121,-0.4042839,-0.007982597,-1.3267378
471,0.5765976,0.39634553,-0.20129253,0.34357432,-1.0768279,-0.5906479,-0.28643754,-0.131934,0.54744077,-0.43978053
472,0.75940037,0.5189541,0.20373191,0.7461593,-0.723895,-0.108666904,0.10297334,-0.41328862,-0.17202531,1.4887305
473,0.1360392,0.37333456,-1.8198719,0.49703023,-0.20578429,-0.4947105,-1.7704368,-0.9324963,-0.16409314,-1.1443024
474,0.18556228,0.2441519,0.8670766,0.21490794,-0.36062446,-0.52575415,0.86557007,0.7067923,-0.34801674,-0.5900032
475,-0.25047973,0.27162144,0.28339264,0.11334268,-1.6604028,0.46963358,0.24777955,-0.50324017,-0.63971776,-0.54249835
476,-0.35130402,-0.009826064,-2.109586,-1.0353023,-0.38915902,-0.72736293,-2.1207342,-1.5036684,1.1186085,-1.0918857
477,-1.2965977,-0.73842216,0.49973783,-1.266763,0.4760727,-0.38454187,0.45436582,-0.9598539,-0.605123,-0.5269011
478,0.4368262,-0.19871426,0.06359377,0.042216983,-0.6441286,-0.90602726,0.029337281,-0.02208453,0.48216596,1.3180081
479,-1.0497047,-0.06471267,-0.6929899,-0.5251509,-1.4936923,0.09638915,-0.6079352,-1.0019823,0.10368687,-1.2563205
480,-1.2118422,-1.5442619,-1.4234916,-1.7788715,-0.7991422,-1.4872794,-1.4417436,-1.8565086,-1.2350999,0.024533806
481,0.6134319,1.164096,1.0469013,0.8162277,1.3310754,1.2988693,1.1104869,0.97767484,0.83036935,0.42738762
482,-0.7581262,-1.3418274,0.43561602,-0.17771897,1.9031575,-1.9424847,0.42897716,0.48812425,-1.1588221,0.15252475
483,0.8396806,1.091836,0.055117432,0.40517616,-0.7149107,0.6884023,-0.047287226,0.13935822,1.7363404,0.09170454
484,0.9766633,0.4144941,0.39122677,0.69512534,-1.0668865,0.49618086,0.4095771,0.99381876,-0.08130132,0.17010944
485,-0.73053414,-0.46982372,-0.7770377,-0.76821494,-0.62166065,-0.23241708,-0.8237065,-0.31940812,-0.4654887,-1.5154109
486,0.89989394,1.3128294,0.9268484,1.2254686,-1.1874062,1.3098375,0.9962913,0.32561472,0.90099967,0.46222952
487,0.6818555,0.23208757,0.7733703,-0.11240932,-0.6044541,0.29999632,0.8225531,1.2618876,-0.078662954,-0.0774605
488,-0.954248,-1.2488207,-0.70222485,-1.2020203,0.20174487,-0.37466094,-0.80625254,-1.1610084,-1.2367611,-1.1044948
489,-0.8399121,-0.72250766,-0.05021043,-0.24190465,-0.7396765,0.07076444,-0.05456756,-0.46859446,-1.1995165,-1.2558
490,0.1799201,-0.101192236,0.8020274,0.7065574,0.13904426,0.28500637,0.63936,-0.6623138,0.30623534,-0.15922953
491,1.4876765,0.85325235,0.017158424,1.0671204,-1.6931746,0.4219769,0.05867335,0.6703187,0.24224983,1.3256651
492,-0.21033107,-0.24122475,0.20637308,-0.9056169,1.4735174,-0.02448773,0.12841684,-0.78574795,-0.24426295,0.47118238
493,0.012687993,-0.06005023,0.6557511,-0.5162056,-1.069203,-0.6580447,0.6091229,0.52363145,0.091737874,-0.3924082
494,1.048215,0.5454615,-0.28641683,0.90899307,-0.42862123,1.0662354,-0.13635984,0.25384146,0.42991787,0.16726288
495,-0.017729012,-0.56903344,0.6629892,-0.9448673,1.8318301,-0.016793698,0.68658555,0.10501871,-0.7243456,1.1984614
496,0.09345631,-0.82499385,1.1012874,-0.23424295,-0.16106224,-0.5711406,1.0726423,-0.3397274,-1.2465485,-0.33880302
497,-1.736982,-0.9138615,-1.0587952,-1.7596233,-0.6482399,-1.682488,-1.0346781,-1.4580861,-1.0572762,-1.1455145
498,1.722447,1.7694937,0.08046939,1.2110059,0.07529232,0.48266968,0.11563687,0.5369382,0.09972756,0.33093858
499,-0.13212472,0.41910115,1.3254198,-0.7172472,-0.8147702,-0.026292725,1.5939779,0.47056162,-0.12178806,1.1756209
500,-0.9801311,-1.68071,-1.8573374,-1.6187682,-0.046882004,-1.9250388,-1.7889724,-1.8354846,-2.0890296,-0.0835063
